[
    {
        "geometry": {
            "coordinates": [
                -95.39707717099998,
                29.707031355000026
            ],
            "type": "Point"
        },
        "properties": {
            "ADDRESS": "1515 HOLCOMBE BOULEVARD, BOX 43",
            "ALT_NAME": "NOT AVAILABLE",
            "BEDS": 631,
            "CITY": "HOUSTON",
            "COUNTRY": "USA",
            "COUNTY": "HARRIS",
            "COUNTYFIPS": "48201",
            "HELIPAD": "NOT AVAILABLE",
            "ID": "0025977030",
            "LATITUDE": 29.707031355,
            "LONGITUDE": -95.397077171,
            "NAICS_CODE": "622310",
            "NAICS_DESC": "HOSPITALS, SPECIALTY (EXCEPT PSYCHIATRIC, SUBSTANCE ABUSE)",
            "NAME": "UNIVERSITY OF TEXAS M.D. ANDERSON CANCER CENTER",
            "OBJECTID": 8956,
            "OWNER": "GOVERNMENT - DISTRICT/AUTHORITY",
            "POPULATION": 631,
            "SOURCE": "http://www.dshs.texas.gov/facilities/find-a-licensee.aspx",
            "SOURCEDATE": "2017-12-14T00:00:00.000Z",
            "STATE": "TX",
            "STATE_ID": "NOT AVAILABLE",
            "STATUS": "OPEN",
            "ST_FIPS": "48",
            "TELEPHONE": "NOT AVAILABLE",
            "TRAUMA": "NOT AVAILABLE",
            "TTL_STAFF": -999,
            "TYPE": "SPECIAL",
            "VAL_DATE": "2017-12-18T00:00:00.000Z",
            "VAL_METHOD": "IMAGERY WITH OTHER",
            "WEBSITE": "http://www.mdanderson.org/",
            "ZIP": "77030",
            "ZIP4": "NOT AVAILABLE"
        },
        "type": "Feature"
    },
    {
        "geometry": {
            "coordinates": [
                -73.95659551699998,
                40.76427431700006
            ],
            "type": "Point"
        },
        "properties": {
            "ADDRESS": "1275 YORK AVENUE",
            "ALT_NAME": "NOT AVAILABLE",
            "BEDS": 514,
            "CITY": "NEW YORK",
            "COUNTRY": "USA",
            "COUNTY": "NEW YORK",
            "COUNTYFIPS": "36061",
            "HELIPAD": "NOT AVAILABLE",
            "ID": "0117510021",
            "LATITUDE": 40.7642743170001,
            "LONGITUDE": -73.956595517,
            "NAICS_CODE": "622310",
            "NAICS_DESC": "CANCER HOSPITALS",
            "NAME": "MEMORIAL HOSPITAL FOR CANCER AND ALLIED DISEASES",
            "OBJECTID": 8449,
            "OWNER": "NON-PROFIT",
            "POPULATION": 514,
            "SOURCE": "http://www.health.ny.gov/regulations/hcra/provider.htm",
            "SOURCEDATE": "2017-12-21T00:00:00.000Z",
            "STATE": "NY",
            "STATE_ID": "7002020H",
            "STATUS": "OPEN",
            "ST_FIPS": "36",
            "TELEPHONE": "(212) 639-2000",
            "TRAUMA": "NOT AVAILABLE",
            "TTL_STAFF": -999,
            "TYPE": "SPECIAL",
            "VAL_DATE": "2017-12-22T00:00:00.000Z",
            "VAL_METHOD": "IMAGERY WITH OTHER",
            "WEBSITE": "https://www.mskcc.org/",
            "ZIP": "10021",
            "ZIP4": "NOT AVAILABLE"
        },
        "type": "Feature"
    },
    {
        "geometry": {
            "coordinates": [
                -92.48272028799994,
                44.02055915200003
            ],
            "type": "Point"
        },
        "properties": {
            "ADDRESS": "1216 SECOND STREET SOUTHWEST",
            "ALT_NAME": "ST MARYS HOSPITAL",
            "BEDS": 1265,
            "CITY": "ROCHESTER",
            "COUNTRY": "USA",
            "COUNTY": "OLMSTED",
            "COUNTYFIPS": "27109",
            "HELIPAD": "Y",
            "ID": "0000255902",
            "LATITUDE": 44.020559152,
            "LONGITUDE": -92.4827202879999,
            "NAICS_CODE": "622110",
            "NAICS_DESC": "GENERAL MEDICAL AND SURGICAL HOSPITALS",
            "NAME": "MAYO CLINIC HOSPITAL ROCHESTER ST MARY'S CAMPUS",
            "OBJECTID": 12630,
            "OWNER": "NON-PROFIT",
            "POPULATION": 1265,
            "SOURCE": "http://www.health.state.mn.us/divs/fpc/directory/providerselect.cfm",
            "SOURCEDATE": "2017-09-11T00:00:00.000Z",
            "STATE": "MN",
            "STATE_ID": "428",
            "STATUS": "OPEN",
            "ST_FIPS": "27",
            "TELEPHONE": "(507) 255-5120",
            "TRAUMA": "I, I PEDIATRIC",
            "TTL_STAFF": -999,
            "TYPE": "GENERAL ACUTE CARE",
            "VAL_DATE": "2017-10-26T00:00:00.000Z",
            "VAL_METHOD": "IMAGERY WITH OTHER",
            "WEBSITE": "http://www.mayoclinic.org",
            "ZIP": "55902",
            "ZIP4": "NOT AVAILABLE"
        },
        "type": "Feature"
    },
    {
        "geometry": {
            "coordinates": [
                -71.10818299999994,
                42.33761500000003
            ],
            "type": "Point"
        },
        "properties": {
            "ADDRESS": "450 BROOKLINE AVANUE",
            "ALT_NAME": "DANA-FARBER CANCER INSTITUTE",
            "BEDS": 30,
            "CITY": "BOSTON",
            "COUNTRY": "USA",
            "COUNTY": "SUFFOLK",
            "COUNTYFIPS": "25025",
            "HELIPAD": "N",
            "ID": "0002202115",
            "LATITUDE": 42.337615,
            "LONGITUDE": -71.1081829999999,
            "NAICS_CODE": "622110",
            "NAICS_DESC": "GENERAL MEDICAL AND SURGICAL HOSPITALS",
            "NAME": "DANA-FARBER CANCER INSTITUTE",
            "OBJECTID": 14472,
            "OWNER": "NON-PROFIT",
            "POPULATION": 30,
            "SOURCE": "http://www.mass.gov/eohhs/gov/departments/dph/programs/hcq/healthcare-quality/",
            "SOURCEDATE": "2018-02-16T00:00:00.000Z",
            "STATE": "MA",
            "STATE_ID": "2PW6",
            "STATUS": "OPEN",
            "ST_FIPS": "25",
            "TELEPHONE": "(617) 632-3000",
            "TRAUMA": "NOT AVAILABLE",
            "TTL_STAFF": -999,
            "TYPE": "GENERAL ACUTE CARE",
            "VAL_DATE": "2018-03-19T00:00:00.000Z",
            "VAL_METHOD": "IMAGERY WITH OTHER",
            "WEBSITE": "http://www.dana-farber.org",
            "ZIP": "02115",
            "ZIP4": "NOT AVAILABLE"
        },
        "type": "Feature"
    },
    {
        "geometry": {
            "coordinates": [
                -81.62079266899997,
                41.50275096100006
            ],
            "type": "Point"
        },
        "properties": {
            "ADDRESS": "9500 EUCLID AVENUE",
            "ALT_NAME": "NOT AVAILABLE",
            "BEDS": 1268,
            "CITY": "CLEVELAND",
            "COUNTRY": "USA",
            "COUNTY": "CUYAHOGA",
            "COUNTYFIPS": "39035",
            "HELIPAD": "NOT AVAILABLE",
            "ID": "0017044195",
            "LATITUDE": 41.5027509610001,
            "LONGITUDE": -81.620792669,
            "NAICS_CODE": "622110",
            "NAICS_DESC": "GENERAL MEDICAL AND SURGICAL HOSPITALS",
            "NAME": "CLEVELAND CLINIC",
            "OBJECTID": 11700,
            "OWNER": "NON-PROFIT",
            "POPULATION": 1268,
            "SOURCE": "http://publicapps.odh.ohio.gov/EID/Default.aspx",
            "SOURCEDATE": "2018-03-15T00:00:00.000Z",
            "STATE": "OH",
            "STATE_ID": "1151",
            "STATUS": "OPEN",
            "ST_FIPS": "39",
            "TELEPHONE": "(216) 444-2200",
            "TRAUMA": "NOT AVAILABLE",
            "TTL_STAFF": -999,
            "TYPE": "GENERAL ACUTE CARE",
            "VAL_DATE": "2018-04-26T00:00:00.000Z",
            "VAL_METHOD": "IMAGERY WITH OTHER",
            "WEBSITE": "http://www.clevelandclinic.org",
            "ZIP": "44195",
            "ZIP4": "NOT AVAILABLE"
        },
        "type": "Feature"
    },
    {
        "geometry": {
            "coordinates": [
                -76.59197221899996,
                39.29610869800007
            ],
            "type": "Point"
        },
        "properties": {
            "ADDRESS": "600 NORTH  WOLFE STREET",
            "ALT_NAME": "NOT AVAILABLE",
            "BEDS": 951,
            "CITY": "BALTIMORE",
            "COUNTRY": "USA",
            "COUNTY": "BALTIMORE CITY",
            "COUNTYFIPS": "24510",
            "HELIPAD": "Y",
            "ID": "0000921287",
            "LATITUDE": 39.2961086980001,
            "LONGITUDE": -76.591972219,
            "NAICS_CODE": "622110",
            "NAICS_DESC": "GENERAL MEDICAL AND SURGICAL HOSPITALS",
            "NAME": "JOHNS HOPKINS HOSPITAL",
            "OBJECTID": 13508,
            "OWNER": "NON-PROFIT",
            "POPULATION": 951,
            "SOURCE": "http://dhmh.maryland.gov/ohcq/pages/licensee-directory.aspx",
            "SOURCEDATE": "2017-09-11T00:00:00.000Z",
            "STATE": "MD",
            "STATE_ID": "NOT AVAILABLE",
            "STATUS": "OPEN",
            "ST_FIPS": "24",
            "TELEPHONE": "(410) 955-9540",
            "TRAUMA": "LEVEL I, PEDIATRIC",
            "TTL_STAFF": -999,
            "TYPE": "GENERAL ACUTE CARE",
            "VAL_DATE": "2017-12-18T00:00:00.000Z",
            "VAL_METHOD": "IMAGERY",
            "WEBSITE": "http://www.hopkinsmedicine.org",
            "ZIP": "21287",
            "ZIP4": "NOT AVAILABLE"
        },
        "type": "Feature"
    },
    {
        "geometry": {
            "coordinates": [
                -122.32973572899999,
                47.62645488800007
            ],
            "type": "Point"
        },
        "properties": {
            "ADDRESS": "825 EASTLAKE AVE E",
            "ALT_NAME": "VIRGINIA MASON MEDICAL CENTER",
            "BEDS": 20,
            "CITY": "SEATTLE",
            "COUNTRY": "USA",
            "COUNTY": "KING",
            "COUNTYFIPS": "53033",
            "HELIPAD": "N",
            "ID": "0010298109",
            "LATITUDE": 47.6264548880001,
            "LONGITUDE": -122.329735729,
            "NAICS_CODE": "622310",
            "NAICS_DESC": "HOSPITALS, SPECIALTY (EXCEPT PSYCHIATRIC, SUBSTANCE ABUSE)",
            "NAME": "SEATTLE CANCER CARE ALLIANCE",
            "OBJECTID": 13330,
            "OWNER": "NON-PROFIT",
            "POPULATION": 20,
            "SOURCE": "https://fortress.wa.gov/doh/facilitysearch/Default.aspx",
            "SOURCEDATE": "2017-08-30T00:00:00.000Z",
            "STATE": "WA",
            "STATE_ID": "204",
            "STATUS": "OPEN",
            "ST_FIPS": "53",
            "TELEPHONE": "(206) 667-7222",
            "TRAUMA": "NOT AVAILABLE",
            "TTL_STAFF": -999,
            "TYPE": "SPECIAL",
            "VAL_DATE": "2017-10-26T00:00:00.000Z",
            "VAL_METHOD": "IMAGERY",
            "WEBSITE": "http://www.seattlecca.org",
            "ZIP": "98109",
            "ZIP4": "NOT AVAILABLE"
        },
        "type": "Feature"
    },
    {
        "geometry": {
            "coordinates": [
                -82.42130802599996,
                28.064098717000036
            ],
            "type": "Point"
        },
        "properties": {
            "ADDRESS": "12902 MAGNOLIA DR",
            "ALT_NAME": "NOT AVAILABLE",
            "BEDS": 206,
            "CITY": "TAMPA",
            "COUNTRY": "USA",
            "COUNTY": "HILLSBOROUGH",
            "COUNTYFIPS": "12057",
            "HELIPAD": "NOT AVAILABLE",
            "ID": "0015033612",
            "LATITUDE": 28.064098717,
            "LONGITUDE": -82.421308026,
            "NAICS_CODE": "622110",
            "NAICS_DESC": "GENERAL MEDICAL AND SURGICAL HOSPITALS",
            "NAME": "H LEE MOFFITT CANCER CTR & RESEARCH INST",
            "OBJECTID": 14924,
            "OWNER": "NON-PROFIT",
            "POPULATION": 206,
            "SOURCE": "http://www.floridahealthfinder.gov/facilitylocator/facilitysearch.aspx",
            "SOURCEDATE": "2018-02-26T00:00:00.000Z",
            "STATE": "FL",
            "STATE_ID": "10080",
            "STATUS": "OPEN",
            "ST_FIPS": "12",
            "TELEPHONE": "(813) 745-4673",
            "TRAUMA": "NOT AVAILABLE",
            "TTL_STAFF": -999,
            "TYPE": "GENERAL ACUTE CARE",
            "VAL_DATE": "2018-02-27T00:00:00.000Z",
            "VAL_METHOD": "IMAGERY",
            "WEBSITE": "http://www.moffitt.org",
            "ZIP": "33612",
            "ZIP4": "NOT AVAILABLE"
        },
        "type": "Feature"
    },
    {
        "geometry": {
            "coordinates": [
                -122.39007047599995,
                37.765480025000045
            ],
            "type": "Point"
        },
        "properties": {
            "ADDRESS": "1975 4TH STREET",
            "ALT_NAME": "NOT AVAILABLE",
            "BEDS": 289,
            "CITY": "SAN FRANCISCO",
            "COUNTRY": "USA",
            "COUNTY": "SAN FRANCISCO",
            "COUNTYFIPS": "06075",
            "HELIPAD": "Y",
            "ID": "0059294158",
            "LATITUDE": 37.765480025,
            "LONGITUDE": -122.390070476,
            "NAICS_CODE": "622110",
            "NAICS_DESC": "GENERAL MEDICAL AND SURGICAL HOSPITALS",
            "NAME": "UCSF MEDICAL CENTER AT MISSION BAY",
            "OBJECTID": 9846,
            "OWNER": "GOVERNMENT - LOCAL",
            "POPULATION": 289,
            "SOURCE": "http://www.oshpd.ca.gov/HID/Facility-Listing.html",
            "SOURCEDATE": "2017-11-28T00:00:00.000Z",
            "STATE": "CA",
            "STATE_ID": "NOT AVAILABLE",
            "STATUS": "OPEN",
            "ST_FIPS": "06",
            "TELEPHONE": "NOT AVAILABLE",
            "TRAUMA": "NOT AVAILABLE",
            "TTL_STAFF": -999,
            "TYPE": "GENERAL ACUTE CARE",
            "VAL_DATE": "2017-12-11T00:00:00.000Z",
            "VAL_METHOD": "IMAGERY WITH OTHER",
            "WEBSITE": "http://www.ucsfmissionbayhospitals.org/",
            "ZIP": "94158",
            "ZIP4": "NOT AVAILABLE"
        },
        "type": "Feature"
    },
    {
        "geometry": {
            "coordinates": [
                -75.19420272499997,
                39.94996919500005
            ],
            "type": "Point"
        },
        "properties": {
            "ADDRESS": "3400 SPRUCE STREET",
            "ALT_NAME": "NOT AVAILABLE",
            "BEDS": 782,
            "CITY": "PHILADELPHIA",
            "COUNTRY": "USA",
            "COUNTY": "PHILADELPHIA",
            "COUNTYFIPS": "42101",
            "HELIPAD": "Y",
            "ID": "0019219104",
            "LATITUDE": 39.9499691950001,
            "LONGITUDE": -75.194202725,
            "NAICS_CODE": "622110",
            "NAICS_DESC": "GENERAL MEDICAL AND SURGICAL HOSPITALS",
            "NAME": "HOSPITAL OF THE UNIVERSITY OF PENNSYLVANIA",
            "OBJECTID": 11571,
            "OWNER": "NON-PROFIT",
            "POPULATION": 782,
            "SOURCE": "http://sais.health.pa.gov/commonpoc/content/publiccommonpoc/normalSearch.asp",
            "SOURCEDATE": "2018-03-02T00:00:00.000Z",
            "STATE": "PA",
            "STATE_ID": "341100",
            "STATUS": "OPEN",
            "ST_FIPS": "42",
            "TELEPHONE": "(215) 662-3227",
            "TRAUMA": "I",
            "TTL_STAFF": -999,
            "TYPE": "GENERAL ACUTE CARE",
            "VAL_DATE": "2018-05-03T00:00:00.000Z",
            "VAL_METHOD": "IMAGERY",
            "WEBSITE": "http://www.pennmedicine.org/hospital-university-pennsylvania/",
            "ZIP": "19104",
            "ZIP4": "NOT AVAILABLE"
        },
        "type": "Feature"
    },
    {
        "geometry": {
            "coordinates": [
                -111.95644824099998,
                33.65908262700003
            ],
            "type": "Point"
        },
        "properties": {
            "ADDRESS": "5777 E. MAYO BLVD.",
            "ALT_NAME": "NOT AVAILABLE",
            "BEDS": 268,
            "CITY": "PHOENIX",
            "COUNTRY": "USA",
            "COUNTY": "MARICOPA",
            "COUNTYFIPS": "04013",
            "HELIPAD": "NOT AVAILABLE",
            "ID": "0005685054",
            "LATITUDE": 33.659082627,
            "LONGITUDE": -111.956448241,
            "NAICS_CODE": "622110",
            "NAICS_DESC": "GENERAL MEDICAL AND SURGICAL HOSPITALS",
            "NAME": "MAYO CLINIC ARIZONA",
            "OBJECTID": 11533,
            "OWNER": "NON-PROFIT",
            "POPULATION": 268,
            "SOURCE": "http://www.azdhs.gov/als/databases/",
            "SOURCEDATE": "2017-11-27T00:00:00.000Z",
            "STATE": "AZ",
            "STATE_ID": "NOT AVAILABLE",
            "STATUS": "OPEN",
            "ST_FIPS": "04",
            "TELEPHONE": "(480) 342-2000",
            "TRAUMA": "NOT AVAILABLE",
            "TTL_STAFF": -999,
            "TYPE": "GENERAL ACUTE CARE",
            "VAL_DATE": "2017-12-15T00:00:00.000Z",
            "VAL_METHOD": "IMAGERY",
            "WEBSITE": "http://www.mayoclinic.org/arizona/",
            "ZIP": "85054",
            "ZIP4": "NOT AVAILABLE"
        },
        "type": "Feature"
    },
    {
        "geometry": {
            "coordinates": [
                -71.06929999999994,
                42.36260000000004
            ],
            "type": "Point"
        },
        "properties": {
            "ADDRESS": "55 FRUIT STREET",
            "ALT_NAME": "MASS. GENERAL HOSPITAL",
            "BEDS": 1035,
            "CITY": "BOSTON",
            "COUNTRY": "USA",
            "COUNTY": "SUFFOLK",
            "COUNTYFIPS": "25025",
            "HELIPAD": "Y",
            "ID": "0007702114",
            "LATITUDE": 42.3626,
            "LONGITUDE": -71.0692999999999,
            "NAICS_CODE": "622110",
            "NAICS_DESC": "GENERAL MEDICAL AND SURGICAL HOSPITALS",
            "NAME": "MASSACHUSETTS GENERAL HOSPITAL",
            "OBJECTID": 12762,
            "OWNER": "NON-PROFIT",
            "POPULATION": 1035,
            "SOURCE": "http://www.mass.gov/eohhs/gov/departments/dph/programs/hcq/healthcare-quality/",
            "SOURCEDATE": "2018-02-16T00:00:00.000Z",
            "STATE": "MA",
            "STATE_ID": "2168",
            "STATUS": "OPEN",
            "ST_FIPS": "25",
            "TELEPHONE": "(617) 726-2000",
            "TRAUMA": "LEVEL I, PEDIATRIC I",
            "TTL_STAFF": -999,
            "TYPE": "GENERAL ACUTE CARE",
            "VAL_DATE": "2018-03-19T00:00:00.000Z",
            "VAL_METHOD": "IMAGERY WITH OTHER",
            "WEBSITE": "http://www.massgeneral.org",
            "ZIP": "02114",
            "ZIP4": "NOT AVAILABLE"
        },
        "type": "Feature"
    },
    {
        "geometry": {
            "coordinates": [
                -87.62102436599997,
                41.89460771300003
            ],
            "type": "Point"
        },
        "properties": {
            "ADDRESS": "251 E HURON ST",
            "ALT_NAME": "NOT AVAILABLE",
            "BEDS": 885,
            "CITY": "CHICAGO",
            "COUNTRY": "USA",
            "COUNTY": "COOK",
            "COUNTYFIPS": "17031",
            "HELIPAD": "NOT AVAILABLE",
            "ID": "0012360611",
            "LATITUDE": 41.894607713,
            "LONGITUDE": -87.621024366,
            "NAICS_CODE": "622110",
            "NAICS_DESC": "GENERAL MEDICAL AND SURGICAL HOSPITALS",
            "NAME": "NORTHWESTERN MEMORIAL HOSPITAL",
            "OBJECTID": 13883,
            "OWNER": "NON-PROFIT",
            "POPULATION": 885,
            "SOURCE": "https://data.illinois.gov/Public-Health/IDPH-Hospital-Directory/wsms-teqm",
            "SOURCEDATE": "2017-12-07T00:00:00.000Z",
            "STATE": "IL",
            "STATE_ID": "140281",
            "STATUS": "OPEN",
            "ST_FIPS": "17",
            "TELEPHONE": "(312) 926-2000",
            "TRAUMA": "LEVEL I",
            "TTL_STAFF": -999,
            "TYPE": "GENERAL ACUTE CARE",
            "VAL_DATE": "2017-12-19T00:00:00.000Z",
            "VAL_METHOD": "IMAGERY",
            "WEBSITE": "http://www.nmh.org",
            "ZIP": "60611",
            "ZIP4": "NOT AVAILABLE"
        },
        "type": "Feature"
    },
    {
        "geometry": {
            "coordinates": [
                -122.17488309699996,
                37.43465243600008
            ],
            "type": "Point"
        },
        "properties": {
            "ADDRESS": "300 PASTEUR DRIVE",
            "ALT_NAME": "NOT AVAILABLE",
            "BEDS": 613,
            "CITY": "PALO ALTO",
            "COUNTRY": "USA",
            "COUNTY": "SANTA CLARA",
            "COUNTYFIPS": "06085",
            "HELIPAD": "Y",
            "ID": "0046894305",
            "LATITUDE": 37.4346524360001,
            "LONGITUDE": -122.174883097,
            "NAICS_CODE": "622110",
            "NAICS_DESC": "GENERAL MEDICAL AND SURGICAL HOSPITALS",
            "NAME": "STANFORD HOSPITAL",
            "OBJECTID": 10044,
            "OWNER": "NON-PROFIT",
            "POPULATION": 613,
            "SOURCE": "http://www.oshpd.ca.gov/HID/Facility-Listing.html",
            "SOURCEDATE": "2017-11-28T00:00:00.000Z",
            "STATE": "CA",
            "STATE_ID": "NOT AVAILABLE",
            "STATUS": "OPEN",
            "ST_FIPS": "06",
            "TELEPHONE": "NOT AVAILABLE",
            "TRAUMA": "I, I PEDIATRIC",
            "TTL_STAFF": -999,
            "TYPE": "GENERAL ACUTE CARE",
            "VAL_DATE": "2017-12-07T00:00:00.000Z",
            "VAL_METHOD": "IMAGERY WITH OTHER",
            "WEBSITE": "http://www.stanfordhospital.com/",
            "ZIP": "94305",
            "ZIP4": "NOT AVAILABLE"
        },
        "type": "Feature"
    },
    {
        "geometry": {
            "coordinates": [
                -90.26471605499995,
                38.63567446700006
            ],
            "type": "Point"
        },
        "properties": {
            "ADDRESS": "216 SOUTH KINGSHIGHWAY",
            "ALT_NAME": "NOT AVAILABLE",
            "BEDS": 1110,
            "CITY": "ST. LOUIS",
            "COUNTRY": "USA",
            "COUNTY": "ST. LOUIS CITY",
            "COUNTYFIPS": "29510",
            "HELIPAD": "Y",
            "ID": "0014563110",
            "LATITUDE": 38.6356744670001,
            "LONGITUDE": -90.264716055,
            "NAICS_CODE": "622110",
            "NAICS_DESC": "GENERAL MEDICAL AND SURGICAL HOSPITALS",
            "NAME": "BARNES-JEWISH HOSPITAL",
            "OBJECTID": 14444,
            "OWNER": "NON-PROFIT",
            "POPULATION": 1110,
            "SOURCE": "http://health.mo.gov/safety/healthservregs/directories.php",
            "SOURCEDATE": "2017-09-11T00:00:00.000Z",
            "STATE": "MO",
            "STATE_ID": "H006",
            "STATUS": "OPEN",
            "ST_FIPS": "29",
            "TELEPHONE": "(314) 747-3000",
            "TRAUMA": "I",
            "TTL_STAFF": -999,
            "TYPE": "GENERAL ACUTE CARE",
            "VAL_DATE": "2017-11-01T00:00:00.000Z",
            "VAL_METHOD": "IMAGERY WITH OTHER",
            "WEBSITE": "http://www.barnesjewish.org",
            "ZIP": "63110",
            "ZIP4": "NOT AVAILABLE"
        },
        "type": "Feature"
    },
    {
        "geometry": {
            "coordinates": [
                -83.72870779599998,
                42.283191747000046
            ],
            "type": "Point"
        },
        "properties": {
            "ADDRESS": "1500 E MEDICAL CENTER DRIVE,SPC 5474",
            "ALT_NAME": "NOT AVAILABLE",
            "BEDS": 1000,
            "CITY": "ANN ARBOR",
            "COUNTRY": "USA",
            "COUNTY": "WASHTENAW",
            "COUNTYFIPS": "26161",
            "HELIPAD": "Y",
            "ID": "0014448109",
            "LATITUDE": 42.283191747,
            "LONGITUDE": -83.728707796,
            "NAICS_CODE": "622110",
            "NAICS_DESC": "GENERAL MEDICAL AND SURGICAL HOSPITALS",
            "NAME": "UNIVERSITY OF MICHIGAN HEALTH SYSTEM",
            "OBJECTID": 10897,
            "OWNER": "NON-PROFIT",
            "POPULATION": 1000,
            "SOURCE": "https://w2.lara.state.mi.us/VAL/License/Search",
            "SOURCEDATE": "2018-03-06T00:00:00.000Z",
            "STATE": "MI",
            "STATE_ID": "NOT AVAILABLE",
            "STATUS": "OPEN",
            "ST_FIPS": "26",
            "TELEPHONE": "NOT AVAILABLE",
            "TRAUMA": "LEVEL I",
            "TTL_STAFF": -999,
            "TYPE": "GENERAL ACUTE CARE",
            "VAL_DATE": "2018-03-23T00:00:00.000Z",
            "VAL_METHOD": "IMAGERY WITH OTHER",
            "WEBSITE": "http://www.med.umich.edu",
            "ZIP": "48109",
            "ZIP4": "NOT AVAILABLE"
        },
        "type": "Feature"
    },
    {
        "geometry": {
            "coordinates": [
                -118.20478550899998,
                34.061355406000075
            ],
            "type": "Point"
        },
        "properties": {
            "ADDRESS": "1441 EASTLAKE AVENUE",
            "ALT_NAME": "NOT AVAILABLE",
            "BEDS": 60,
            "CITY": "LOS ANGELES",
            "COUNTRY": "USA",
            "COUNTY": "LOS ANGELES",
            "COUNTYFIPS": "06037",
            "HELIPAD": "NOT AVAILABLE",
            "ID": "0051390033",
            "LATITUDE": 34.0613554060001,
            "LONGITUDE": -118.204785509,
            "NAICS_CODE": "622110",
            "NAICS_DESC": "GENERAL MEDICAL AND SURGICAL HOSPITALS",
            "NAME": "USC KENNETH NORRIS, JR. CANCER HOSPITAL",
            "OBJECTID": 10020,
            "OWNER": "NON-PROFIT",
            "POPULATION": 60,
            "SOURCE": "http://www.oshpd.ca.gov/HID/Facility-Listing.html",
            "SOURCEDATE": "2017-11-28T00:00:00.000Z",
            "STATE": "CA",
            "STATE_ID": "NOT AVAILABLE",
            "STATUS": "OPEN",
            "ST_FIPS": "06",
            "TELEPHONE": "NOT AVAILABLE",
            "TRAUMA": "NOT AVAILABLE",
            "TTL_STAFF": -999,
            "TYPE": "GENERAL ACUTE CARE",
            "VAL_DATE": "2017-12-11T00:00:00.000Z",
            "VAL_METHOD": "IMAGERY WITH OTHER",
            "WEBSITE": "http://www.uscnorriscancer.usc.edu",
            "ZIP": "90033",
            "ZIP4": "NOT AVAILABLE"
        },
        "type": "Feature"
    },
    {
        "geometry": {
            "coordinates": [
                -91.54754741999994,
                41.66081568900006
            ],
            "type": "Point"
        },
        "properties": {
            "ADDRESS": "200 HAWKINS DRIVE",
            "ALT_NAME": "NOT AVAILABLE",
            "BEDS": 1103,
            "CITY": "IOWA CITY",
            "COUNTRY": "USA",
            "COUNTY": "JOHNSON",
            "COUNTYFIPS": "19103",
            "HELIPAD": "Y",
            "ID": "0009052242",
            "LATITUDE": 41.6608156890001,
            "LONGITUDE": -91.5475474199999,
            "NAICS_CODE": "622110",
            "NAICS_DESC": "GENERAL MEDICAL AND SURGICAL HOSPITALS",
            "NAME": "UNIVERSITY OF IOWA HOSPITAL & CLINICS",
            "OBJECTID": 12152,
            "OWNER": "GOVERNMENT - STATE",
            "POPULATION": 1103,
            "SOURCE": "https://dia-hfd.iowa.gov/DIA_HFD/Process.do",
            "SOURCEDATE": "2018-03-09T00:00:00.000Z",
            "STATE": "IA",
            "STATE_ID": "NOT AVAILABLE",
            "STATUS": "OPEN",
            "ST_FIPS": "19",
            "TELEPHONE": "(319) 356-1616",
            "TRAUMA": "LEVEL I, PEDIATRIC I",
            "TTL_STAFF": -999,
            "TYPE": "GENERAL ACUTE CARE",
            "VAL_DATE": "2018-03-13T00:00:00.000Z",
            "VAL_METHOD": "IMAGERY",
            "WEBSITE": "http://www.uihealthcare.com",
            "ZIP": "52242",
            "ZIP4": "NOT AVAILABLE"
        },
        "type": "Feature"
    },
    {
        "geometry": {
            "coordinates": [
                -80.26817483299999,
                36.08964960800006
            ],
            "type": "Point"
        },
        "properties": {
            "ADDRESS": "MEDICAL CENTER BLVD",
            "ALT_NAME": "NOT AVAILABLE",
            "BEDS": 872,
            "CITY": "WINSTON SALEM",
            "COUNTRY": "USA",
            "COUNTY": "FORSYTH",
            "COUNTYFIPS": "37067",
            "HELIPAD": "Y",
            "ID": "0001227157",
            "LATITUDE": 36.0896496080001,
            "LONGITUDE": -80.268174833,
            "NAICS_CODE": "622110",
            "NAICS_DESC": "GENERAL MEDICAL AND SURGICAL HOSPITALS",
            "NAME": "NORTH CAROLINA BAPTIST HOSPITAL",
            "OBJECTID": 11272,
            "OWNER": "NON-PROFIT",
            "POPULATION": 872,
            "SOURCE": "https://www2.ncdhhs.gov/dhsr/reports.htm",
            "SOURCEDATE": "2017-09-28T00:00:00.000Z",
            "STATE": "NC",
            "STATE_ID": "NOT AVAILABLE",
            "STATUS": "OPEN",
            "ST_FIPS": "37",
            "TELEPHONE": "(336) 716-4750",
            "TRAUMA": "LEVEL I",
            "TTL_STAFF": -999,
            "TYPE": "GENERAL ACUTE CARE",
            "VAL_DATE": "2017-11-09T00:00:00.000Z",
            "VAL_METHOD": "IMAGERY WITH OTHER",
            "WEBSITE": "http://www.wakehealth.edu/",
            "ZIP": "27157",
            "ZIP4": "NOT AVAILABLE"
        },
        "type": "Feature"
    },
    {
        "geometry": {
            "coordinates": [
                -83.01673058999995,
                39.99558219600004
            ],
            "type": "Point"
        },
        "properties": {
            "ADDRESS": "300 WEST TENTH AVENUE",
            "ALT_NAME": "NOT AVAILABLE",
            "BEDS": 306,
            "CITY": "COLUMBUS",
            "COUNTRY": "USA",
            "COUNTY": "FRANKLIN",
            "COUNTYFIPS": "39049",
            "HELIPAD": "NOT AVAILABLE",
            "ID": "0127543210",
            "LATITUDE": 39.995582196,
            "LONGITUDE": -83.01673059,
            "NAICS_CODE": "622310",
            "NAICS_DESC": "CANCER HOSPITALS",
            "NAME": "OSU JAMES CANCER HOSPITAL & SOLOVE RESEARCH INSTITUTE",
            "OBJECTID": 11729,
            "OWNER": "GOVERNMENT - STATE",
            "POPULATION": 306,
            "SOURCE": "http://publicapps.odh.ohio.gov/EID/Default.aspx",
            "SOURCEDATE": "2018-03-15T00:00:00.000Z",
            "STATE": "OH",
            "STATE_ID": "1818",
            "STATUS": "OPEN",
            "ST_FIPS": "39",
            "TELEPHONE": "(614) 293-3121",
            "TRAUMA": "NOT AVAILABLE",
            "TTL_STAFF": -999,
            "TYPE": "GENERAL ACUTE CARE",
            "VAL_DATE": "2018-04-26T00:00:00.000Z",
            "VAL_METHOD": "IMAGERY WITH OTHER",
            "WEBSITE": "https://cancer.osu.edu",
            "ZIP": "43210",
            "ZIP4": "NOT AVAILABLE"
        },
        "type": "Feature"
    },
    {
        "geometry": {
            "coordinates": [
                -117.97113796899998,
                34.12980150900006
            ],
            "type": "Point"
        },
        "properties": {
            "ADDRESS": "1500 EAST DUARTE ROAD",
            "ALT_NAME": "NOT AVAILABLE",
            "BEDS": 217,
            "CITY": "DUARTE",
            "COUNTRY": "USA",
            "COUNTY": "LOS ANGELES",
            "COUNTYFIPS": "06037",
            "HELIPAD": "NOT AVAILABLE",
            "ID": "0007091010",
            "LATITUDE": 34.1298015090001,
            "LONGITUDE": -117.971137969,
            "NAICS_CODE": "622110",
            "NAICS_DESC": "GENERAL MEDICAL AND SURGICAL HOSPITALS",
            "NAME": "CITY OF HOPE HELFORD CLINICAL RESEARCH HOSPITAL",
            "OBJECTID": 9972,
            "OWNER": "NON-PROFIT",
            "POPULATION": 217,
            "SOURCE": "http://www.oshpd.ca.gov/HID/Facility-Listing.html",
            "SOURCEDATE": "2017-11-28T00:00:00.000Z",
            "STATE": "CA",
            "STATE_ID": "NOT AVAILABLE",
            "STATUS": "OPEN",
            "ST_FIPS": "06",
            "TELEPHONE": "NOT AVAILABLE",
            "TRAUMA": "NOT AVAILABLE",
            "TTL_STAFF": -999,
            "TYPE": "GENERAL ACUTE CARE",
            "VAL_DATE": "2017-12-11T00:00:00.000Z",
            "VAL_METHOD": "IMAGERY",
            "WEBSITE": "http://www.cityofhope.org",
            "ZIP": "91010",
            "ZIP4": "NOT AVAILABLE"
        },
        "type": "Feature"
    },
    {
        "geometry": {
            "coordinates": [
                -118.44662506699996,
                34.06655438200005
            ],
            "type": "Point"
        },
        "properties": {
            "ADDRESS": "757 WESTWOOD PLAZA",
            "ALT_NAME": "NOT AVAILABLE",
            "BEDS": 466,
            "CITY": "LOS ANGELES",
            "COUNTRY": "USA",
            "COUNTY": "LOS ANGELES",
            "COUNTYFIPS": "06037",
            "HELIPAD": "Y",
            "ID": "0038190095",
            "LATITUDE": 34.066554382,
            "LONGITUDE": -118.446625067,
            "NAICS_CODE": "622110",
            "NAICS_DESC": "GENERAL MEDICAL AND SURGICAL HOSPITALS",
            "NAME": "RONALD REAGAN UCLA MEDICAL CENTER",
            "OBJECTID": 9155,
            "OWNER": "GOVERNMENT - STATE",
            "POPULATION": 466,
            "SOURCE": "http://www.oshpd.ca.gov/HID/Facility-Listing.html",
            "SOURCEDATE": "2017-11-28T00:00:00.000Z",
            "STATE": "CA",
            "STATE_ID": "NOT AVAILABLE",
            "STATUS": "OPEN",
            "ST_FIPS": "06",
            "TELEPHONE": "(310) 825-9111",
            "TRAUMA": "I, I PEDIATRIC",
            "TTL_STAFF": -999,
            "TYPE": "GENERAL ACUTE CARE",
            "VAL_DATE": "2017-12-05T00:00:00.000Z",
            "VAL_METHOD": "IMAGERY",
            "WEBSITE": "http://www.uclahealth.org",
            "ZIP": "90095",
            "ZIP4": "NOT AVAILABLE"
        },
        "type": "Feature"
    },
    {
        "geometry": {
            "coordinates": [
                -79.96070676899996,
                40.44278361600004
            ],
            "type": "Point"
        },
        "properties": {
            "ADDRESS": "200 LOTHROP STREET",
            "ALT_NAME": "NOT AVAILABLE",
            "BEDS": 1592,
            "CITY": "PITTSBURGH",
            "COUNTRY": "USA",
            "COUNTY": "ALLEGHENY",
            "COUNTYFIPS": "42003",
            "HELIPAD": "Y",
            "ID": "0011315213",
            "LATITUDE": 40.442783616,
            "LONGITUDE": -79.960706769,
            "NAICS_CODE": "622110",
            "NAICS_DESC": "GENERAL MEDICAL AND SURGICAL HOSPITALS",
            "NAME": "UPMC PRESBYTERIAN",
            "OBJECTID": 12410,
            "OWNER": "NON-PROFIT",
            "POPULATION": 1592,
            "SOURCE": "http://sais.health.pa.gov/commonpoc/content/publiccommonpoc/normalSearch.asp",
            "SOURCEDATE": "2018-03-02T00:00:00.000Z",
            "STATE": "PA",
            "STATE_ID": "163300",
            "STATUS": "OPEN",
            "ST_FIPS": "42",
            "TELEPHONE": "(412) 647-5286",
            "TRAUMA": "LEVEL I",
            "TTL_STAFF": -999,
            "TYPE": "GENERAL ACUTE CARE",
            "VAL_DATE": "2018-05-03T00:00:00.000Z",
            "VAL_METHOD": "IMAGERY",
            "WEBSITE": "http://www.upmc.com/locations/hospitals/presbyterian/pages/default.aspx",
            "ZIP": "15213",
            "ZIP4": "NOT AVAILABLE"
        },
        "type": "Feature"
    },
    {
        "geometry": {
            "coordinates": [
                -79.94792135799997,
                32.785882041000036
            ],
            "type": "Point"
        },
        "properties": {
            "ADDRESS": "169 ASHLEY AVE",
            "ALT_NAME": "NOT AVAILABLE",
            "BEDS": 713,
            "CITY": "CHARLESTON",
            "COUNTRY": "USA",
            "COUNTY": "CHARLESTON",
            "COUNTYFIPS": "45019",
            "HELIPAD": "Y",
            "ID": "0006929425",
            "LATITUDE": 32.785882041,
            "LONGITUDE": -79.947921358,
            "NAICS_CODE": "622110",
            "NAICS_DESC": "GENERAL MEDICAL AND SURGICAL HOSPITALS",
            "NAME": "MUSC MEDICAL CENTER",
            "OBJECTID": 13158,
            "OWNER": "GOVERNMENT - DISTRICT/AUTHORITY",
            "POPULATION": 713,
            "SOURCE": "http://www.scdhec.gov/Health/FHPF/HealthFacilityRegulationsLicensing/HealthcareFacilityLicensing/LicensedFacilitiesbyType/",
            "SOURCEDATE": "2018-03-15T00:00:00.000Z",
            "STATE": "SC",
            "STATE_ID": "38783366",
            "STATUS": "OPEN",
            "ST_FIPS": "45",
            "TELEPHONE": "(843) 792-4000",
            "TRAUMA": "I",
            "TTL_STAFF": -999,
            "TYPE": "GENERAL ACUTE CARE",
            "VAL_DATE": "2018-04-23T00:00:00.000Z",
            "VAL_METHOD": "IMAGERY WITH OTHER",
            "WEBSITE": "http://www.muschealth.com",
            "ZIP": "29425",
            "ZIP4": "NOT AVAILABLE"
        },
        "type": "Feature"
    },
    {
        "geometry": {
            "coordinates": [
                -73.95433226199998,
                40.76454994000005
            ],
            "type": "Point"
        },
        "properties": {
            "ADDRESS": "525 EAST 68TH STREET",
            "ALT_NAME": "NOT AVAILABLE",
            "BEDS": 862,
            "CITY": "NEW YORK",
            "COUNTRY": "USA",
            "COUNTY": "NEW YORK",
            "COUNTYFIPS": "36061",
            "HELIPAD": "NOT AVAILABLE",
            "ID": "0118910021",
            "LATITUDE": 40.7645499400001,
            "LONGITUDE": -73.954332262,
            "NAICS_CODE": "622110",
            "NAICS_DESC": "GENERAL MEDICAL AND SURGICAL HOSPITALS",
            "NAME": "NEW YORK PRESBYTERIAN HOSPITAL - NEW YORK WEILL CORNELL CENTER",
            "OBJECTID": 13694,
            "OWNER": "NON-PROFIT",
            "POPULATION": 862,
            "SOURCE": "http://www.health.ny.gov/regulations/hcra/provider.htm",
            "SOURCEDATE": "2017-12-21T00:00:00.000Z",
            "STATE": "NY",
            "STATE_ID": "7002025H",
            "STATUS": "OPEN",
            "ST_FIPS": "36",
            "TELEPHONE": "(212) 746-5454",
            "TRAUMA": "I, II PEDIATRIC",
            "TTL_STAFF": -999,
            "TYPE": "GENERAL ACUTE CARE",
            "VAL_DATE": "2017-12-22T00:00:00.000Z",
            "VAL_METHOD": "IMAGERY WITH OTHER",
            "WEBSITE": "http://www.nyp.org/",
            "ZIP": "10021",
            "ZIP4": "NOT AVAILABLE"
        },
        "type": "Feature"
    },
    {
        "geometry": {
            "coordinates": [
                -75.15794604499996,
                39.94970837500006
            ],
            "type": "Point"
        },
        "properties": {
            "ADDRESS": "111 SOUTH 11TH STREET",
            "ALT_NAME": "NOT AVAILABLE",
            "BEDS": 957,
            "CITY": "PHILADELPHIA",
            "COUNTRY": "USA",
            "COUNTY": "PHILADELPHIA",
            "COUNTYFIPS": "42101",
            "HELIPAD": "Y",
            "ID": "0013619107",
            "LATITUDE": 39.9497083750001,
            "LONGITUDE": -75.157946045,
            "NAICS_CODE": "622110",
            "NAICS_DESC": "GENERAL MEDICAL AND SURGICAL HOSPITALS",
            "NAME": "THOMAS JEFFERSON UNIVERSITY HOSPITAL",
            "OBJECTID": 12461,
            "OWNER": "NON-PROFIT",
            "POPULATION": 957,
            "SOURCE": "http://sais.health.pa.gov/commonpoc/content/publiccommonpoc/normalSearch.asp",
            "SOURCEDATE": "2018-03-02T00:00:00.000Z",
            "STATE": "PA",
            "STATE_ID": "200800",
            "STATUS": "OPEN",
            "ST_FIPS": "42",
            "TELEPHONE": "(215) 955-4164",
            "TRAUMA": "LEVEL I",
            "TTL_STAFF": -999,
            "TYPE": "GENERAL ACUTE CARE",
            "VAL_DATE": "2018-05-03T00:00:00.000Z",
            "VAL_METHOD": "IMAGERY",
            "WEBSITE": "http://www.jeffersonhospital.org",
            "ZIP": "19107",
            "ZIP4": "NOT AVAILABLE"
        },
        "type": "Feature"
    },
    {
        "geometry": {
            "coordinates": [
                -104.84112208099998,
                39.742304502000025
            ],
            "type": "Point"
        },
        "properties": {
            "ADDRESS": "12605 EAST 16TH AVENUE",
            "ALT_NAME": "NOT AVAILABLE",
            "BEDS": -999,
            "CITY": "AURORA",
            "COUNTRY": "USA",
            "COUNTY": "ADAMS",
            "COUNTYFIPS": "08001",
            "HELIPAD": "Y",
            "ID": "0155180045",
            "LATITUDE": 39.742304502,
            "LONGITUDE": -104.841122081,
            "NAICS_CODE": "622110",
            "NAICS_DESC": "GENERAL MEDICAL AND SURGICAL HOSPITALS",
            "NAME": "UNIVERSITY OF COLORADO HOSPITAL ANSCHUTZ INPATIENT PAVILION",
            "OBJECTID": 9757,
            "OWNER": "GOVERNMENT - STATE",
            "POPULATION": -999,
            "SOURCE": "http://www.hfemsd2.dphe.state.co.us/hfd2003/homebase.aspx?Ftype=hospital&Do=list",
            "SOURCEDATE": "2017-11-28T00:00:00.000Z",
            "STATE": "CO",
            "STATE_ID": "NOT AVAILABLE",
            "STATUS": "OPEN",
            "ST_FIPS": "08",
            "TELEPHONE": "(720) 848-0000",
            "TRAUMA": "LEVEL II",
            "TTL_STAFF": -999,
            "TYPE": "GENERAL ACUTE CARE",
            "VAL_DATE": "2017-12-22T00:00:00.000Z",
            "VAL_METHOD": "IMAGERY WITH OTHER",
            "WEBSITE": "https://www.uchealth.org/locations/uchealth-anschutz-inpatient-pavilion/",
            "ZIP": "80045",
            "ZIP4": "NOT AVAILABLE"
        },
        "type": "Feature"
    },
    {
        "geometry": {
            "coordinates": [
                -122.68589473099996,
                45.49883469300005
            ],
            "type": "Point"
        },
        "properties": {
            "ADDRESS": "3181 SW SAM JACKSON PARK ROAD",
            "ALT_NAME": "NOT AVAILABLE",
            "BEDS": -999,
            "CITY": "PORTLAND",
            "COUNTRY": "USA",
            "COUNTY": "MULTNOMAH",
            "COUNTYFIPS": "41051",
            "HELIPAD": "NOT AVAILABLE",
            "ID": "0133097239",
            "LATITUDE": 45.498834693,
            "LONGITUDE": -122.685894731,
            "NAICS_CODE": "622110",
            "NAICS_DESC": "GENERAL MEDICAL AND SURGICAL HOSPITALS",
            "NAME": "OHSU HOSPITAL",
            "OBJECTID": 11466,
            "OWNER": "NOT AVAILABLE",
            "POPULATION": -999,
            "SOURCE": "https://public.health.oregon.gov/ProviderPartnerResources/HealthcareProvidersFacilities/HealthcareHealthCareRegulationQualityImprovement/Pages/forms.aspx#Hospital",
            "SOURCEDATE": "2018-03-05T00:00:00.000Z",
            "STATE": "OR",
            "STATE_ID": "14-1008",
            "STATUS": "OPEN",
            "ST_FIPS": "41",
            "TELEPHONE": "NOT AVAILABLE",
            "TRAUMA": "NOT AVAILABLE",
            "TTL_STAFF": -999,
            "TYPE": "SPECIAL",
            "VAL_DATE": "2018-05-02T00:00:00.000Z",
            "VAL_METHOD": "IMAGERY WITH OTHER",
            "WEBSITE": "https://www.ohsu.edu/xd",
            "ZIP": "97239",
            "ZIP4": "NOT AVAILABLE"
        },
        "type": "Feature"
    },
    {
        "geometry": {
            "coordinates": [
                -122.68397819799998,
                45.49718109300005
            ],
            "type": "Point"
        },
        "properties": {
            "ADDRESS": "3710 SW U.S. VETERANS HOSPITAL RD",
            "ALT_NAME": "NOT AVAILABLE",
            "BEDS": -999,
            "CITY": "PORTLAND",
            "COUNTRY": "USA",
            "COUNTY": "MULTNOMAH",
            "COUNTYFIPS": "41051",
            "HELIPAD": "Y",
            "ID": "0006397239",
            "LATITUDE": 45.4971810930001,
            "LONGITUDE": -122.683978198,
            "NAICS_CODE": "622110",
            "NAICS_DESC": "GENERAL MEDICAL AND SURGICAL HOSPITALS",
            "NAME": "PORTLAND VA MEDICAL CENTER",
            "OBJECTID": 11574,
            "OWNER": "GOVERNMENT - FEDERAL",
            "POPULATION": -999,
            "SOURCE": "https://public.health.oregon.gov/ProviderPartnerResources/HealthcareProvidersFacilities/HealthcareHealthCareRegulationQualityImprovement/Pages/forms.aspx#Hospital",
            "SOURCEDATE": "2018-03-05T00:00:00.000Z",
            "STATE": "OR",
            "STATE_ID": "NOT AVAILABLE",
            "STATUS": "OPEN",
            "ST_FIPS": "41",
            "TELEPHONE": "(503) 220-8262",
            "TRAUMA": "NOT AVAILABLE",
            "TTL_STAFF": -999,
            "TYPE": "MILITARY",
            "VAL_DATE": "2018-05-02T00:00:00.000Z",
            "VAL_METHOD": "IMAGERY WITH OTHER",
            "WEBSITE": "https://www.portland.va.gov/",
            "ZIP": "97239",
            "ZIP4": "NOT AVAILABLE"
        },
        "type": "Feature"
    },
    {
        "geometry": {
            "coordinates": [
                -81.60509543399996,
                41.50614205100004
            ],
            "type": "Point"
        },
        "properties": {
            "ADDRESS": "11100 EUCLID AVENUE",
            "ALT_NAME": "NOT AVAILABLE",
            "BEDS": 1032,
            "CITY": "CLEVELAND",
            "COUNTRY": "USA",
            "COUNTY": "CUYAHOGA",
            "COUNTYFIPS": "39035",
            "HELIPAD": "Y",
            "ID": "0001744106",
            "LATITUDE": 41.506142051,
            "LONGITUDE": -81.605095434,
            "NAICS_CODE": "622110",
            "NAICS_DESC": "GENERAL MEDICAL AND SURGICAL HOSPITALS",
            "NAME": "UNIVERSITY HOSPITALS OF CLEVELAND",
            "OBJECTID": 11694,
            "OWNER": "NON-PROFIT",
            "POPULATION": 1032,
            "SOURCE": "http://publicapps.odh.ohio.gov/EID/Default.aspx",
            "SOURCEDATE": "2018-03-15T00:00:00.000Z",
            "STATE": "OH",
            "STATE_ID": "1142",
            "STATUS": "OPEN",
            "ST_FIPS": "39",
            "TELEPHONE": "(216) 844-1000",
            "TRAUMA": "LEVEL I",
            "TTL_STAFF": -999,
            "TYPE": "GENERAL ACUTE CARE",
            "VAL_DATE": "2018-04-26T00:00:00.000Z",
            "VAL_METHOD": "IMAGERY",
            "WEBSITE": "http://www.uhhospitals.org/cleveland",
            "ZIP": "44106",
            "ZIP4": "NOT AVAILABLE"
        },
        "type": "Feature"
    },
    {
        "geometry": {
            "coordinates": [
                -81.44108267799999,
                30.26391312900006
            ],
            "type": "Point"
        },
        "properties": {
            "ADDRESS": "4500 SAN PABLO RD",
            "ALT_NAME": "NOT AVAILABLE",
            "BEDS": 304,
            "CITY": "JACKSONVILLE",
            "COUNTRY": "USA",
            "COUNTY": "DUVAL",
            "COUNTYFIPS": "12031",
            "HELIPAD": "Y",
            "ID": "0024032224",
            "LATITUDE": 30.2639131290001,
            "LONGITUDE": -81.441082678,
            "NAICS_CODE": "622110",
            "NAICS_DESC": "GENERAL MEDICAL AND SURGICAL HOSPITALS",
            "NAME": "MAYO CLINIC",
            "OBJECTID": 15066,
            "OWNER": "NON-PROFIT",
            "POPULATION": 304,
            "SOURCE": "http://www.floridahealthfinder.gov/facilitylocator/facilitysearch.aspx",
            "SOURCEDATE": "2018-02-26T00:00:00.000Z",
            "STATE": "FL",
            "STATE_ID": "9951",
            "STATUS": "OPEN",
            "ST_FIPS": "12",
            "TELEPHONE": "(904) 953-2000",
            "TRAUMA": "NOT AVAILABLE",
            "TTL_STAFF": -999,
            "TYPE": "GENERAL ACUTE CARE",
            "VAL_DATE": "2018-02-28T00:00:00.000Z",
            "VAL_METHOD": "IMAGERY",
            "WEBSITE": "http://www.mayoclinic.org",
            "ZIP": "32224",
            "ZIP4": "NOT AVAILABLE"
        },
        "type": "Feature"
    },
    {
        "geometry": {
            "coordinates": [
                -78.86488694699995,
                42.89920509700005
            ],
            "type": "Point"
        },
        "properties": {
            "ADDRESS": "666 ELM STR",
            "ALT_NAME": "NOT AVAILABLE",
            "BEDS": 123,
            "CITY": "BUFFALO",
            "COUNTRY": "USA",
            "COUNTY": "ERIE",
            "COUNTYFIPS": "36029",
            "HELIPAD": "Y",
            "ID": "0003414263",
            "LATITUDE": 42.899205097,
            "LONGITUDE": -78.8648869469999,
            "NAICS_CODE": "622110",
            "NAICS_DESC": "GENERAL MEDICAL AND SURGICAL HOSPITALS",
            "NAME": "ROSWELL PARK CANCER INSTITUTE",
            "OBJECTID": 13406,
            "OWNER": "GOVERNMENT - DISTRICT/AUTHORITY",
            "POPULATION": 123,
            "SOURCE": "http://www.health.ny.gov/regulations/hcra/provider.htm",
            "SOURCEDATE": "2017-12-21T00:00:00.000Z",
            "STATE": "NY",
            "STATE_ID": "1401010H",
            "STATUS": "OPEN",
            "ST_FIPS": "36",
            "TELEPHONE": "(716) 845-2300",
            "TRAUMA": "NOT AVAILABLE",
            "TTL_STAFF": -999,
            "TYPE": "GENERAL ACUTE CARE",
            "VAL_DATE": "2017-12-22T00:00:00.000Z",
            "VAL_METHOD": "IMAGERY WITH OTHER",
            "WEBSITE": "http://www.roswellpark.org",
            "ZIP": "14263",
            "ZIP4": "NOT AVAILABLE"
        },
        "type": "Feature"
    },
    {
        "geometry": {
            "coordinates": [
                -76.62492592799998,
                39.28790857200005
            ],
            "type": "Point"
        },
        "properties": {
            "ADDRESS": "22 S GREENE ST",
            "ALT_NAME": "NOT AVAILABLE",
            "BEDS": 800,
            "CITY": "BALTIMORE",
            "COUNTRY": "USA",
            "COUNTY": "BALTIMORE CITY",
            "COUNTYFIPS": "24510",
            "HELIPAD": "Y",
            "ID": "0004121201",
            "LATITUDE": 39.287908572,
            "LONGITUDE": -76.624925928,
            "NAICS_CODE": "622110",
            "NAICS_DESC": "GENERAL MEDICAL AND SURGICAL HOSPITALS",
            "NAME": "UNIVERSITY OF MARYLAND MEDICAL CENTER",
            "OBJECTID": 13518,
            "OWNER": "NON-PROFIT",
            "POPULATION": 800,
            "SOURCE": "http://dhmh.maryland.gov/ohcq/pages/licensee-directory.aspx",
            "SOURCEDATE": "2017-09-11T00:00:00.000Z",
            "STATE": "MD",
            "STATE_ID": "NOT AVAILABLE",
            "STATUS": "OPEN",
            "ST_FIPS": "24",
            "TELEPHONE": "(410) 328-8667",
            "TRAUMA": "PARC",
            "TTL_STAFF": -999,
            "TYPE": "GENERAL ACUTE CARE",
            "VAL_DATE": "2017-12-18T00:00:00.000Z",
            "VAL_METHOD": "IMAGERY",
            "WEBSITE": "http://www.umms.org/hospitals/ummc.htm",
            "ZIP": "21201",
            "ZIP4": "NOT AVAILABLE"
        },
        "type": "Feature"
    },
    {
        "geometry": {
            "coordinates": [
                -87.60433712599996,
                41.78874685100004
            ],
            "type": "Point"
        },
        "properties": {
            "ADDRESS": "5841 SOUTH MARYLAND",
            "ALT_NAME": "NOT AVAILABLE",
            "BEDS": 577,
            "CITY": "CHICAGO",
            "COUNTRY": "USA",
            "COUNTY": "COOK",
            "COUNTYFIPS": "17031",
            "HELIPAD": "Y",
            "ID": "0004360637",
            "LATITUDE": 41.788746851,
            "LONGITUDE": -87.604337126,
            "NAICS_CODE": "622110",
            "NAICS_DESC": "GENERAL MEDICAL AND SURGICAL HOSPITALS",
            "NAME": "THE UNIVERSITY OF CHICAGO MEDICAL CENTER",
            "OBJECTID": 13855,
            "OWNER": "NON-PROFIT",
            "POPULATION": 577,
            "SOURCE": "https://data.illinois.gov/Public-Health/IDPH-Hospital-Directory/wsms-teqm",
            "SOURCEDATE": "2017-12-07T00:00:00.000Z",
            "STATE": "IL",
            "STATE_ID": "140088",
            "STATUS": "OPEN",
            "ST_FIPS": "17",
            "TELEPHONE": "(773) 702-1000",
            "TRAUMA": "LEVEL I PEDIATRIC",
            "TTL_STAFF": -999,
            "TYPE": "GENERAL ACUTE CARE",
            "VAL_DATE": "2017-12-19T00:00:00.000Z",
            "VAL_METHOD": "IMAGERY",
            "WEBSITE": "http://www.uchospitals.edu",
            "ZIP": "60637",
            "ZIP4": "NOT AVAILABLE"
        },
        "type": "Feature"
    },
    {
        "geometry": {
            "coordinates": [
                -93.23194052099996,
                44.97237351600006
            ],
            "type": "Point"
        },
        "properties": {
            "ADDRESS": "500 HARVARD ST SE",
            "ALT_NAME": "NOT AVAILABLE",
            "BEDS": -999,
            "CITY": "MINNEAPOLIS",
            "COUNTRY": "USA",
            "COUNTY": "HENNEPIN",
            "COUNTYFIPS": "27053",
            "HELIPAD": "NOT AVAILABLE",
            "ID": "0000000058",
            "LATITUDE": 44.9723735160001,
            "LONGITUDE": -93.231940521,
            "NAICS_CODE": "622110",
            "NAICS_DESC": "GENERAL MEDICAL AND SURGICAL HOSPITALS",
            "NAME": "UNIVERSITY OF MINNESOTA MEDICAL CENTER-FAIRVIEW-EAST BANK-ER",
            "OBJECTID": 14418,
            "OWNER": "GOVERNMENT - STATE",
            "POPULATION": -999,
            "SOURCE": "http://www.health.state.mn.us/divs/fpc/directory/providerselect.cfm",
            "SOURCEDATE": "2017-09-11T00:00:00.000Z",
            "STATE": "MN",
            "STATE_ID": "NOT AVAILABLE",
            "STATUS": "OPEN",
            "ST_FIPS": "27",
            "TELEPHONE": "(612) 273-3000",
            "TRAUMA": "NOT AVAILABLE",
            "TTL_STAFF": -999,
            "TYPE": "GENERAL ACUTE CARE",
            "VAL_DATE": "2017-10-26T00:00:00.000Z",
            "VAL_METHOD": "IMAGERY WITH OTHER",
            "WEBSITE": "https://www.mhealth.org",
            "ZIP": "55455",
            "ZIP4": "NOT AVAILABLE"
        },
        "type": "Feature"
    },
    {
        "geometry": {
            "coordinates": [
                -78.93775811199998,
                36.00704979900007
            ],
            "type": "Point"
        },
        "properties": {
            "ADDRESS": "2301 ERWIN ROAD",
            "ALT_NAME": "NOT AVAILABLE",
            "BEDS": 943,
            "CITY": "DURHAM",
            "COUNTRY": "USA",
            "COUNTY": "DURHAM",
            "COUNTYFIPS": "37063",
            "HELIPAD": "Y",
            "ID": "0006227710",
            "LATITUDE": 36.0070497990001,
            "LONGITUDE": -78.937758112,
            "NAICS_CODE": "622110",
            "NAICS_DESC": "GENERAL MEDICAL AND SURGICAL HOSPITALS",
            "NAME": "DUKE UNIVERSITY HOSPITAL",
            "OBJECTID": 11268,
            "OWNER": "NON-PROFIT",
            "POPULATION": 943,
            "SOURCE": "https://www2.ncdhhs.gov/dhsr/reports.htm",
            "SOURCEDATE": "2017-09-28T00:00:00.000Z",
            "STATE": "NC",
            "STATE_ID": "NOT AVAILABLE",
            "STATUS": "OPEN",
            "ST_FIPS": "37",
            "TELEPHONE": "(919) 684-8076",
            "TRAUMA": "LEVEL I",
            "TTL_STAFF": -999,
            "TYPE": "GENERAL ACUTE CARE",
            "VAL_DATE": "2017-11-09T00:00:00.000Z",
            "VAL_METHOD": "IMAGERY WITH OTHER",
            "WEBSITE": "http://www.dukehealth.org",
            "ZIP": "27710",
            "ZIP4": "NOT AVAILABLE"
        },
        "type": "Feature"
    },
    {
        "geometry": {
            "coordinates": [
                -121.45545550799994,
                38.55492974200007
            ],
            "type": "Point"
        },
        "properties": {
            "ADDRESS": "2315 STOCKTON BOULEVARD",
            "ALT_NAME": "NOT AVAILABLE",
            "BEDS": 611,
            "CITY": "SACRAMENTO",
            "COUNTRY": "USA",
            "COUNTY": "SACRAMENTO",
            "COUNTYFIPS": "06067",
            "HELIPAD": "Y",
            "ID": "0051195817",
            "LATITUDE": 38.5549297420001,
            "LONGITUDE": -121.455455508,
            "NAICS_CODE": "622110",
            "NAICS_DESC": "GENERAL MEDICAL AND SURGICAL HOSPITALS",
            "NAME": "UNIVERSITY OF CALIFORNIA DAVIS MEDICAL CENTER",
            "OBJECTID": 10107,
            "OWNER": "NON-PROFIT",
            "POPULATION": 611,
            "SOURCE": "http://www.oshpd.ca.gov/HID/Facility-Listing.html",
            "SOURCEDATE": "2017-11-28T00:00:00.000Z",
            "STATE": "CA",
            "STATE_ID": "NOT AVAILABLE",
            "STATUS": "OPEN",
            "ST_FIPS": "06",
            "TELEPHONE": "NOT AVAILABLE",
            "TRAUMA": "I, I PEDIATRIC",
            "TTL_STAFF": -999,
            "TYPE": "GENERAL ACUTE CARE",
            "VAL_DATE": "2017-12-04T00:00:00.000Z",
            "VAL_METHOD": "IMAGERY",
            "WEBSITE": "http://www.ucdmc.ucdavis.edu",
            "ZIP": "95817",
            "ZIP4": "NOT AVAILABLE"
        },
        "type": "Feature"
    },
    {
        "geometry": {
            "coordinates": [
                -79.04968922899997,
                35.90454270300006
            ],
            "type": "Point"
        },
        "properties": {
            "ADDRESS": "101 MANNING DR",
            "ALT_NAME": "NOT AVAILABLE",
            "BEDS": 896,
            "CITY": "CHAPEL HILL",
            "COUNTRY": "USA",
            "COUNTY": "ORANGE",
            "COUNTYFIPS": "37135",
            "HELIPAD": "NOT AVAILABLE",
            "ID": "0011127514",
            "LATITUDE": 35.9045427030001,
            "LONGITUDE": -79.049689229,
            "NAICS_CODE": "622110",
            "NAICS_DESC": "GENERAL MEDICAL AND SURGICAL HOSPITALS",
            "NAME": "UNIVERSITY OF NORTH CAROLINA HOSPITALS",
            "OBJECTID": 11354,
            "OWNER": "GOVERNMENT - STATE",
            "POPULATION": 896,
            "SOURCE": "https://www2.ncdhhs.gov/dhsr/reports.htm",
            "SOURCEDATE": "2017-09-28T00:00:00.000Z",
            "STATE": "NC",
            "STATE_ID": "NOT AVAILABLE",
            "STATUS": "OPEN",
            "ST_FIPS": "37",
            "TELEPHONE": "(919) 966-4131",
            "TRAUMA": "LEVEL I",
            "TTL_STAFF": -999,
            "TYPE": "GENERAL ACUTE CARE",
            "VAL_DATE": "2017-11-09T00:00:00.000Z",
            "VAL_METHOD": "IMAGERY WITH OTHER",
            "WEBSITE": "http://www.unchealthcare.org",
            "ZIP": "27514",
            "ZIP4": "NOT AVAILABLE"
        },
        "type": "Feature"
    },
    {
        "geometry": {
            "coordinates": [
                -84.50744299099995,
                38.03096461200005
            ],
            "type": "Point"
        },
        "properties": {
            "ADDRESS": "800 ROSE STREET",
            "ALT_NAME": "ALBERT B. CHANDLER MEDICAL CENTER",
            "BEDS": 604,
            "CITY": "LEXINGTON",
            "COUNTRY": "USA",
            "COUNTY": "FAYETTE",
            "COUNTYFIPS": "21067",
            "HELIPAD": "Y",
            "ID": "0011640536",
            "LATITUDE": 38.030964612,
            "LONGITUDE": -84.5074429909999,
            "NAICS_CODE": "622110",
            "NAICS_DESC": "GENERAL MEDICAL AND SURGICAL HOSPITALS",
            "NAME": "UNIVERSITY OF KY HOSPITAL",
            "OBJECTID": 10717,
            "OWNER": "GOVERNMENT - STATE",
            "POPULATION": 604,
            "SOURCE": "http://chfs.ky.gov/os/oig/directories.htm",
            "SOURCEDATE": "2017-08-31T00:00:00.000Z",
            "STATE": "KY",
            "STATE_ID": "100121",
            "STATUS": "OPEN",
            "ST_FIPS": "21",
            "TELEPHONE": "(859) 232-5445",
            "TRAUMA": "LEVEL I, PEDIATRICS I",
            "TTL_STAFF": -999,
            "TYPE": "GENERAL ACUTE CARE",
            "VAL_DATE": "2018-01-08T00:00:00.000Z",
            "VAL_METHOD": "IMAGERY",
            "WEBSITE": "http://www.ukhealthcare.uky.edu",
            "ZIP": "40536",
            "ZIP4": "NOT AVAILABLE"
        },
        "type": "Feature"
    },
    {
        "geometry": {
            "coordinates": [
                -86.80216669899994,
                36.140836008000065
            ],
            "type": "Point"
        },
        "properties": {
            "ADDRESS": "1211 MEDICAL CENTER DRIVE",
            "ALT_NAME": "NOT AVAILABLE",
            "BEDS": 1025,
            "CITY": "NASHVILLE",
            "COUNTRY": "USA",
            "COUNTY": "DAVIDSON",
            "COUNTYFIPS": "47037",
            "HELIPAD": "Y",
            "ID": "0015837232",
            "LATITUDE": 36.1408360080001,
            "LONGITUDE": -86.8021666989999,
            "NAICS_CODE": "622110",
            "NAICS_DESC": "GENERAL MEDICAL AND SURGICAL HOSPITALS",
            "NAME": "VANDERBILT UNIVERSITY HOSPITAL",
            "OBJECTID": 7820,
            "OWNER": "NON-PROFIT",
            "POPULATION": 1025,
            "SOURCE": "https://apps.health.tn.gov/FacilityListings",
            "SOURCEDATE": "2017-12-18T00:00:00.000Z",
            "STATE": "TN",
            "STATE_ID": "NOT AVAILABLE",
            "STATUS": "OPEN",
            "ST_FIPS": "47",
            "TELEPHONE": "(615) 322-3454",
            "TRAUMA": "I",
            "TTL_STAFF": -999,
            "TYPE": "GENERAL ACUTE CARE",
            "VAL_DATE": "2018-02-23T00:00:00.000Z",
            "VAL_METHOD": "IMAGERY WITH OTHER",
            "WEBSITE": "http://www.mc.vanderbilt.edu/",
            "ZIP": "37232",
            "ZIP4": "NOT AVAILABLE"
        },
        "type": "Feature"
    },
    {
        "geometry": {
            "coordinates": [
                -78.49868707799999,
                38.031339796000054
            ],
            "type": "Point"
        },
        "properties": {
            "ADDRESS": "1215 LEE STREET",
            "ALT_NAME": "NOT AVAILABLE",
            "BEDS": 614,
            "CITY": "CHARLOTTESVILLE",
            "COUNTRY": "USA",
            "COUNTY": "CHARLOTTESVILLE",
            "COUNTYFIPS": "51540",
            "HELIPAD": "Y",
            "ID": "0002222908",
            "LATITUDE": 38.0313397960001,
            "LONGITUDE": -78.498687078,
            "NAICS_CODE": "622110",
            "NAICS_DESC": "GENERAL MEDICAL AND SURGICAL HOSPITALS",
            "NAME": "UNIVERSITY OF VIRGINIA MEDICAL CENTER",
            "OBJECTID": 12958,
            "OWNER": "GOVERNMENT - STATE",
            "POPULATION": 614,
            "SOURCE": "http://www.vhi.org",
            "SOURCEDATE": "2017-11-13T00:00:00.000Z",
            "STATE": "VA",
            "STATE_ID": "NOT AVAILABLE",
            "STATUS": "OPEN",
            "ST_FIPS": "51",
            "TELEPHONE": "(434) 924-0210",
            "TRAUMA": "I",
            "TTL_STAFF": -999,
            "TYPE": "GENERAL ACUTE CARE",
            "VAL_DATE": "2018-01-26T00:00:00.000Z",
            "VAL_METHOD": "IMAGERY",
            "WEBSITE": "www.med.virginia.edu",
            "ZIP": "22906",
            "ZIP4": "NOT AVAILABLE"
        },
        "type": "Feature"
    },
    {
        "geometry": {
            "coordinates": [
                -118.38071211599998,
                34.07629445400005
            ],
            "type": "Point"
        },
        "properties": {
            "ADDRESS": "8700 BEVERLY BOULEVARD",
            "ALT_NAME": "NOT AVAILABLE",
            "BEDS": 886,
            "CITY": "LOS ANGELES",
            "COUNTRY": "USA",
            "COUNTY": "LOS ANGELES",
            "COUNTYFIPS": "06037",
            "HELIPAD": "Y",
            "ID": "0005590048",
            "LATITUDE": 34.076294454,
            "LONGITUDE": -118.380712116,
            "NAICS_CODE": "622110",
            "NAICS_DESC": "GENERAL MEDICAL AND SURGICAL HOSPITALS",
            "NAME": "CEDARS SINAI MEDICAL CENTER",
            "OBJECTID": 9968,
            "OWNER": "NON-PROFIT",
            "POPULATION": 886,
            "SOURCE": "http://www.oshpd.ca.gov/HID/Facility-Listing.html",
            "SOURCEDATE": "2017-11-28T00:00:00.000Z",
            "STATE": "CA",
            "STATE_ID": "NOT AVAILABLE",
            "STATUS": "OPEN",
            "ST_FIPS": "06",
            "TELEPHONE": "NOT AVAILABLE",
            "TRAUMA": "I, II PEDIATRIC",
            "TTL_STAFF": -999,
            "TYPE": "GENERAL ACUTE CARE",
            "VAL_DATE": "2017-12-11T00:00:00.000Z",
            "VAL_METHOD": "IMAGERY",
            "WEBSITE": "http://www.cedars-sinai.edu",
            "ZIP": "90048",
            "ZIP4": "NOT AVAILABLE"
        },
        "type": "Feature"
    },
    {
        "geometry": {
            "coordinates": [
                -94.61129891599995,
                39.056167007000056
            ],
            "type": "Point"
        },
        "properties": {
            "ADDRESS": "3901 RAINBOW BLVD",
            "ALT_NAME": "UNIVERSITY OF KANSAS MEDICAL CENTER RESEARCH INSTITUTE INC",
            "BEDS": 756,
            "CITY": "KANSAS CITY",
            "COUNTRY": "USA",
            "COUNTY": "WYANDOTTE",
            "COUNTYFIPS": "20209",
            "HELIPAD": "Y",
            "ID": "0003866160",
            "LATITUDE": 39.0561670070001,
            "LONGITUDE": -94.611298916,
            "NAICS_CODE": "622110",
            "NAICS_DESC": "GENERAL MEDICAL AND SURGICAL HOSPITALS",
            "NAME": "UNIVERSITY OF KANSAS HOSPITAL",
            "OBJECTID": 10553,
            "OWNER": "GOVERNMENT - DISTRICT/AUTHORITY",
            "POPULATION": 756,
            "SOURCE": "http://www.kdheks.gov/bhfr/fac_list/",
            "SOURCEDATE": "2017-11-27T00:00:00.000Z",
            "STATE": "KS",
            "STATE_ID": "H105002",
            "STATUS": "OPEN",
            "ST_FIPS": "20",
            "TELEPHONE": "(913) 588-7332",
            "TRAUMA": "LEVEL I",
            "TTL_STAFF": -999,
            "TYPE": "GENERAL ACUTE CARE",
            "VAL_DATE": "2018-01-08T00:00:00.000Z",
            "VAL_METHOD": "IMAGERY",
            "WEBSITE": "http://www.kumed.com",
            "ZIP": "66160",
            "ZIP4": "NOT AVAILABLE"
        },
        "type": "Feature"
    },
    {
        "geometry": {
            "coordinates": [
                -89.43184713699998,
                43.076585409000074
            ],
            "type": "Point"
        },
        "properties": {
            "ADDRESS": "600 HIGHLAND AVENUE",
            "ALT_NAME": "NOT AVAILABLE",
            "BEDS": 648,
            "CITY": "MADISON",
            "COUNTRY": "USA",
            "COUNTY": "DANE",
            "COUNTYFIPS": "55025",
            "HELIPAD": "Y",
            "ID": "0003353792",
            "LATITUDE": 43.0765854090001,
            "LONGITUDE": -89.431847137,
            "NAICS_CODE": "622110",
            "NAICS_DESC": "GENERAL MEDICAL AND SURGICAL HOSPITALS",
            "NAME": "UNIVERSITY OF WI HOSPITALS & CLINICS AUTHORITY",
            "OBJECTID": 10264,
            "OWNER": "NON-PROFIT",
            "POPULATION": 648,
            "SOURCE": "https://www.dhs.wisconsin.gov/guide/hospital.htm",
            "SOURCEDATE": "2017-08-29T00:00:00.000Z",
            "STATE": "WI",
            "STATE_ID": "125",
            "STATUS": "OPEN",
            "ST_FIPS": "55",
            "TELEPHONE": "(608) 263-8991",
            "TRAUMA": "I",
            "TTL_STAFF": -999,
            "TYPE": "GENERAL ACUTE CARE",
            "VAL_DATE": "2018-02-15T00:00:00.000Z",
            "VAL_METHOD": "IMAGERY WITH OTHER",
            "WEBSITE": "http://www.uwhospital.org",
            "ZIP": "53792",
            "ZIP4": "NOT AVAILABLE"
        },
        "type": "Feature"
    },
    {
        "geometry": {
            "coordinates": [
                -73.97392933399993,
                40.74204690400006
            ],
            "type": "Point"
        },
        "properties": {
            "ADDRESS": "550 FIRST AVENUE",
            "ALT_NAME": "NOT AVAILABLE",
            "BEDS": 844,
            "CITY": "NEW YORK",
            "COUNTRY": "USA",
            "COUNTY": "NEW YORK",
            "COUNTYFIPS": "36061",
            "HELIPAD": "NOT AVAILABLE",
            "ID": "0119410016",
            "LATITUDE": 40.7420469040001,
            "LONGITUDE": -73.9739293339999,
            "NAICS_CODE": "622110",
            "NAICS_DESC": "GENERAL MEDICAL AND SURGICAL HOSPITALS",
            "NAME": "NYU HOSPITALS CENTER",
            "OBJECTID": 13698,
            "OWNER": "NOT AVAILABLE",
            "POPULATION": 844,
            "SOURCE": "http://www.health.ny.gov/regulations/hcra/provider.htm",
            "SOURCEDATE": "2017-12-21T00:00:00.000Z",
            "STATE": "NY",
            "STATE_ID": "7002053H",
            "STATUS": "OPEN",
            "ST_FIPS": "36",
            "TELEPHONE": "(212) 263-5500",
            "TRAUMA": "NOT AVAILABLE",
            "TTL_STAFF": -999,
            "TYPE": "GENERAL ACUTE CARE",
            "VAL_DATE": "2017-12-22T00:00:00.000Z",
            "VAL_METHOD": "IMAGERY WITH OTHER",
            "WEBSITE": "http://nyulangone.org/locations/tisch-hospital",
            "ZIP": "10016",
            "ZIP4": "NOT AVAILABLE"
        },
        "type": "Feature"
    },
    {
        "geometry": {
            "coordinates": [
                -117.22559886499994,
                32.878023314000075
            ],
            "type": "Point"
        },
        "properties": {
            "ADDRESS": "9300 CAMPUS POINT DRIVE",
            "ALT_NAME": "NOT AVAILABLE",
            "BEDS": 173,
            "CITY": "LA JOLLA",
            "COUNTRY": "USA",
            "COUNTY": "SAN DIEGO",
            "COUNTYFIPS": "06073",
            "HELIPAD": "Y",
            "ID": "0050592037",
            "LATITUDE": 32.8780233140001,
            "LONGITUDE": -117.225598865,
            "NAICS_CODE": "622110",
            "NAICS_DESC": "GENERAL MEDICAL AND SURGICAL HOSPITALS",
            "NAME": "UCSD-LA JOLLA, JOHN M & SALLY B. THORNTON HOSPITAL",
            "OBJECTID": 9502,
            "OWNER": "GOVERNMENT - LOCAL",
            "POPULATION": 173,
            "SOURCE": "http://www.oshpd.ca.gov/HID/Facility-Listing.html",
            "SOURCEDATE": "2017-11-28T00:00:00.000Z",
            "STATE": "CA",
            "STATE_ID": "NOT AVAILABLE",
            "STATUS": "OPEN",
            "ST_FIPS": "06",
            "TELEPHONE": "NOT AVAILABLE",
            "TRAUMA": "NOT AVAILABLE",
            "TTL_STAFF": -999,
            "TYPE": "GENERAL ACUTE CARE",
            "VAL_DATE": "2017-12-05T00:00:00.000Z",
            "VAL_METHOD": "IMAGERY WITH OTHER",
            "WEBSITE": "http://health.ucsd.edu",
            "ZIP": "92037",
            "ZIP4": "NOT AVAILABLE"
        },
        "type": "Feature"
    },
    {
        "geometry": {
            "coordinates": [
                -86.17656161499997,
                39.77528332600008
            ],
            "type": "Point"
        },
        "properties": {
            "ADDRESS": "550 UNIVERSITY BLVD",
            "ALT_NAME": "NOT AVAILABLE",
            "BEDS": -999,
            "CITY": "INDIANAPOLIS",
            "COUNTRY": "USA",
            "COUNTY": "MARION",
            "COUNTYFIPS": "18097",
            "HELIPAD": "NOT AVAILABLE",
            "ID": "0000000100",
            "LATITUDE": 39.7752833260001,
            "LONGITUDE": -86.176561615,
            "NAICS_CODE": "622110",
            "NAICS_DESC": "GENERAL MEDICAL AND SURGICAL HOSPITALS",
            "NAME": "IU HEALTH UNIVERSITY HOSPITAL",
            "OBJECTID": 8645,
            "OWNER": "GOVERNMENT - STATE",
            "POPULATION": -999,
            "SOURCE": "http://www.state.in.us/isdh/reports/QAMIS/hosdir/wdirhos.htm",
            "SOURCEDATE": "2017-08-30T00:00:00.000Z",
            "STATE": "IN",
            "STATE_ID": "NOT AVAILABLE",
            "STATUS": "OPEN",
            "ST_FIPS": "18",
            "TELEPHONE": "(317) 274-5000",
            "TRAUMA": "NOT AVAILABLE",
            "TTL_STAFF": -999,
            "TYPE": "GENERAL ACUTE CARE",
            "VAL_DATE": "2017-11-08T00:00:00.000Z",
            "VAL_METHOD": "IMAGERY WITH OTHER",
            "WEBSITE": "http://iuhealth.org/university/",
            "ZIP": "46202",
            "ZIP4": "NOT AVAILABLE"
        },
        "type": "Feature"
    },
    {
        "geometry": {
            "coordinates": [
                -73.95321427399995,
                40.78976753100005
            ],
            "type": "Point"
        },
        "properties": {
            "ADDRESS": "1 GUSTAVE L LEVY PL",
            "ALT_NAME": "NOT AVAILABLE",
            "BEDS": 1144,
            "CITY": "NEW YORK",
            "COUNTRY": "USA",
            "COUNTY": "NEW YORK",
            "COUNTYFIPS": "36061",
            "HELIPAD": "NOT AVAILABLE",
            "ID": "0018710001",
            "LATITUDE": 40.7897675310001,
            "LONGITUDE": -73.9532142739999,
            "NAICS_CODE": "622110",
            "NAICS_DESC": "GENERAL MEDICAL AND SURGICAL HOSPITALS",
            "NAME": "MOUNT SINAI HOSPITAL",
            "OBJECTID": 13604,
            "OWNER": "NON-PROFIT",
            "POPULATION": 1144,
            "SOURCE": "http://www.health.ny.gov/regulations/hcra/provider.htm",
            "SOURCEDATE": "2017-12-21T00:00:00.000Z",
            "STATE": "NY",
            "STATE_ID": "7002024H",
            "STATUS": "OPEN",
            "ST_FIPS": "36",
            "TELEPHONE": "(212) 241-7005",
            "TRAUMA": "NOT AVAILABLE",
            "TTL_STAFF": -999,
            "TYPE": "GENERAL ACUTE CARE",
            "VAL_DATE": "2017-12-22T00:00:00.000Z",
            "VAL_METHOD": "IMAGERY WITH OTHER",
            "WEBSITE": "http://www.mountsinai.org",
            "ZIP": "10001",
            "ZIP4": "NOT AVAILABLE"
        },
        "type": "Feature"
    },
    {
        "geometry": {
            "coordinates": [
                -111.83611302099996,
                40.77127309300005
            ],
            "type": "Point"
        },
        "properties": {
            "ADDRESS": "50 NORTH MEDICAL DRIVE",
            "ALT_NAME": "NOT AVAILABLE",
            "BEDS": 526,
            "CITY": "SALT LAKE CITY",
            "COUNTRY": "USA",
            "COUNTY": "SALT LAKE",
            "COUNTYFIPS": "49035",
            "HELIPAD": "Y",
            "ID": "0003384112",
            "LATITUDE": 40.771273093,
            "LONGITUDE": -111.836113021,
            "NAICS_CODE": "622110",
            "NAICS_DESC": "GENERAL MEDICAL AND SURGICAL HOSPITALS",
            "NAME": "UNIVERSITY OF UTAH HOSPITAL",
            "OBJECTID": 12130,
            "OWNER": "GOVERNMENT - STATE",
            "POPULATION": 526,
            "SOURCE": "http://gis.utah.gov/data/health/health-care-facilities/",
            "SOURCEDATE": "2017-12-14T00:00:00.000Z",
            "STATE": "UT",
            "STATE_ID": "NOT AVAILABLE",
            "STATUS": "OPEN",
            "ST_FIPS": "49",
            "TELEPHONE": "(801) 581-2121",
            "TRAUMA": "LEVEL I",
            "TTL_STAFF": -999,
            "TYPE": "GENERAL ACUTE CARE",
            "VAL_DATE": "2018-02-28T00:00:00.000Z",
            "VAL_METHOD": "IMAGERY",
            "WEBSITE": "http://www.uuhsc.utah.edu",
            "ZIP": "84112",
            "ZIP4": "NOT AVAILABLE"
        },
        "type": "Feature"
    },
    {
        "geometry": {
            "coordinates": [
                -71.10509999999994,
                42.339500000000044
            ],
            "type": "Point"
        },
        "properties": {
            "ADDRESS": "330 BROOKLINE AVENUE",
            "ALT_NAME": "BETH ISRAEL DEACONESS MED CTR EAST",
            "BEDS": 268,
            "CITY": "BOSTON",
            "COUNTRY": "USA",
            "COUNTY": "SUFFOLK",
            "COUNTYFIPS": "25025",
            "HELIPAD": "NOT AVAILABLE",
            "ID": "0000502215",
            "LATITUDE": 42.3395,
            "LONGITUDE": -71.1050999999999,
            "NAICS_CODE": "622110",
            "NAICS_DESC": "GENERAL MEDICAL AND SURGICAL HOSPITALS",
            "NAME": "BETH ISRAEL DEACONESS MEDICAL CENTER - EAST CAMPUS",
            "OBJECTID": 14528,
            "OWNER": "NON-PROFIT",
            "POPULATION": 268,
            "SOURCE": "http://www.mass.gov/eohhs/gov/departments/dph/programs/hcq/healthcare-quality/",
            "SOURCEDATE": "2018-02-16T00:00:00.000Z",
            "STATE": "MA",
            "STATE_ID": "2069",
            "STATUS": "OPEN",
            "ST_FIPS": "25",
            "TELEPHONE": "(617) 667-8000",
            "TRAUMA": "LEVEL I",
            "TTL_STAFF": -999,
            "TYPE": "GENERAL ACUTE CARE",
            "VAL_DATE": "2018-03-19T00:00:00.000Z",
            "VAL_METHOD": "IMAGERY WITH OTHER",
            "WEBSITE": "http://www.bidmc.harvard.edu",
            "ZIP": "02215",
            "ZIP4": "NOT AVAILABLE"
        },
        "type": "Feature"
    },
    {
        "geometry": {
            "coordinates": [
                -87.66890981899996,
                41.87457186000006
            ],
            "type": "Point"
        },
        "properties": {
            "ADDRESS": "1653 WEST CONGRESS PARKWAY",
            "ALT_NAME": "NOT AVAILABLE",
            "BEDS": 669,
            "CITY": "CHICAGO",
            "COUNTRY": "USA",
            "COUNTY": "COOK",
            "COUNTYFIPS": "17031",
            "HELIPAD": "NOT AVAILABLE",
            "ID": "0005960612",
            "LATITUDE": 41.8745718600001,
            "LONGITUDE": -87.668909819,
            "NAICS_CODE": "622110",
            "NAICS_DESC": "GENERAL MEDICAL AND SURGICAL HOSPITALS",
            "NAME": "RUSH UNIVERSITY MEDICAL CENTER",
            "OBJECTID": 13862,
            "OWNER": "NON-PROFIT",
            "POPULATION": 669,
            "SOURCE": "https://data.illinois.gov/Public-Health/IDPH-Hospital-Directory/wsms-teqm",
            "SOURCEDATE": "2017-12-07T00:00:00.000Z",
            "STATE": "IL",
            "STATE_ID": "140119",
            "STATUS": "OPEN",
            "ST_FIPS": "17",
            "TELEPHONE": "(312) 942-5000",
            "TRAUMA": "NOT AVAILABLE",
            "TTL_STAFF": -999,
            "TYPE": "GENERAL ACUTE CARE",
            "VAL_DATE": "2017-12-19T00:00:00.000Z",
            "VAL_METHOD": "IMAGERY",
            "WEBSITE": "http://www.rush.edu",
            "ZIP": "60612",
            "ZIP4": "NOT AVAILABLE"
        },
        "type": "Feature"
    }
]